{
  "Strings": {
    "LOC_UNKNOWN_PLAYER": "プレイヤー",
    "LOC_WIDGET_MONSTER": "モンスターウィジェット",
    "LOC_WIDGET_TEAM": "チームウィジェット",
    "LOC_WIDGET_PLAYER": "プレイヤーウィジェット",
    "LOC_MONSTER_UKNOWN": "不明なモンスター",
    "LOC_MONSTER_ANJANATH": "アンジャナフ",
    "LOC_MONSTER_AZURE_RATHALOS": "リオレウス亜種",
    "LOC_MONSTER_BARROTH": "ボルボロス",
    "LOC_MONSTER_BAZELGEUSE": "バゼルギウス",
    "LOC_MONSTER_BEHEMOTH": "ベヒーモス",
    "LOC_MONSTER_BLACK_DIABLOS": "ディアブロス亜種",
    "LOC_MONSTER_DEVILJHO": "イビルジョー",
    "LOC_MONSTER_DIABLOS": "ディアブロス",
    "LOC_MONSTER_DODOGAMA": "ドドガマル",
    "LOC_MONSTER_GREAT_GIRROS": "ドスギルオス",
    "LOC_MONSTER_GREAT_JAGRAS": "ドスジャグラス",
    "LOC_MONSTER_JYURATODUS": "ジュラトドス",
    "LOC_MONSTER_KIRIN": "キリン",
    "LOC_MONSTER_KULU_YA_KU": "クルルヤック",
    "LOC_MONSTER_KULVE_TAROTH": "マム・タロト",
    "LOC_MONSTER_KUSHALA_DAORA": "クシャルダオラ",
    "LOC_MONSTER_LAVASIOTH": "ヴォルガノス",
    "LOC_MONSTER_LEGIANA": "レイギエナ",
    "LOC_MONSTER_LUNASTRA": "ナナ・テスカトリ",
    "LOC_MONSTER_NERGIGANTE": "ネルギガンテ",
    "LOC_MONSTER_ODOGARON": "オドガロン",
    "LOC_MONSTER_PAOLUMU": "パオウルムー",
    "LOC_MONSTER_PINK_RATHIAN": "リオレイア亜種",
    "LOC_MONSTER_PUKEI_PUKEI": "プケプケ",
    "LOC_MONSTER_RADOBAAN": "ラドバルキン",
    "LOC_MONSTER_RATHALOS": "リオレウス",
    "LOC_MONSTER_RATHIAN": "リオレイア",
    "LOC_MONSTER_TEOSTRA": "テオ・テスカトル",
    "LOC_MONSTER_TOBI_KADACHI": "トビカガチ",
    "LOC_MONSTER_TZITZI_YA_KU": "ツィツィヤック",
    "LOC_MONSTER_URAGAAN": "ウラガンキン",
    "LOC_MONSTER_VAAL_HAZAK": "ヴァルハザク",
    "LOC_MONSTER_XENO_JIIVA": "ゼノ・ジーヴァ",
    "LOC_MONSTER_ZORAH_MAGDAROS": "ゾラ・マグダラオス",
    "LOC_PART_UKNOWN": "不明な部位",
    "LOC_PART_HEAD": "頭",
    "LOC_PART_HEAD_LEFT": "触角",
    "LOC_PART_HEAD_RIGHT": "頭",
    "LOC_PART_BODY": "胴",
    "LOC_PART_ABDOMEN": "腹",
    "LOC_PART_CHEST": "胸",
    "LOC_PART_REAR": "臀",
    "LOC_PART_ARMS": "両腕",
    "LOC_PART_ARM_LEFT": "左腕",
    "LOC_PART_ARM_RIGHT": "右腕",
    "LOC_PART_LEGS": "両脚",
    "LOC_PART_LEG_LEFT": "左脚",
    "LOC_PART_LEG_RIGHT": "右脚",
    "LOC_PART_LIMBS": "四肢",
    "LOC_PART_LIMBS_LEFT": "左肢",
    "LOC_PART_LIMBS_RIGHT": "右肢",
    "LOC_PART_TAIL": "尻尾",
    "LOC_PART_WINGS": "両翼",
    "LOC_PART_WING_LEFT": "左翼",
    "LOC_PART_WING_RIGHT": "右翼",
    "LOC_PART_HEAD_MUD": "頭：泥",
    "LOC_PART_BODY_MUD": "胴：泥",
    "LOC_PART_ARMS_MUD": "両腕：泥",
    "LOC_PART_LEG_LEFT_MUD": "左脚：泥",
    "LOC_PART_LEG_RIGHT_MUD": "右脚：泥",
    "LOC_PART_TAIL_MUD": "尻尾：泥",
    "LOC_PART_HORNS": "角",
    "LOC_PART_MANE": "鬣",
    "LOC_PART_ROCK": "岩",
    "LOC_PART_BALLOON": "頸袋",
    "LOC_PART_JAW": "顎",
    "LOC_PART_BACK": "背中",
    "LOC_PART_BONE_LEFT": "左骨",
    "LOC_PART_BONE_RIGHT": "右骨",
    "LOC_PART_NECK": "首",
    "LOC_PART_HAND_LEFT": "左腕",
    "LOC_PART_HAND_RIGHT": "右腕",
    "LOC_PART_FOOT_LEFT": "左脚",
    "LOC_PART_FOOT_RIGHT": "右脚",
    "LOC_PART_HORNS_GOLD": "角：金",
    "LOC_PART_MANE_GOLD": "鬣：金",
    "LOC_PART_CHEST_LEFT_GOLD": "左胸：金",
    "LOC_PART_CHEST_RIGHT_GOLD": "右胸：金",
    "LOC_PART_ARM_LEFT_GOLD": "左前脚：金",
    "LOC_PART_ARM_RIGHT_GOLD": "右前脚：金",
    "LOC_PART_LEG_LEFT_GOLD": "左後脚：金",
    "LOC_PART_LEG_RIGHT_GOLD": "右後脚：金",
    "LOC_PART_TAIL_LEFT_GOLD": "左尻尾：金",
    "LOC_PART_TAIL_RIGHT_GOLD": "右尻尾：金",
    "LOC_REMOVABLE_PART_UKNOWN": "不明な破壊部位",
    "LOC_REMOVABLE_PART_TAIL": "尻尾：切断",
    "LOC_REMOVABLE_PART_HORNS": "角：完全破壊",
    "LOC_REMOVABLE_PART_HORNS_2": "角：一部破壊",
    "LOC_STATUS_EFFECT_UNKNOWN": "不明な状態異常",
    "LOC_STATUS_EFFECT_POISON": "毒",
    "LOC_STATUS_EFFECT_PARALYSIS": "麻痺",
    "LOC_STATUS_EFFECT_SLEEP": "睡眠",
    "LOC_STATUS_EFFECT_BLAST": "爆破",
    "LOC_STATUS_EFFECT_MOUNT": "乗り",
    "LOC_STATUS_EFFECT_EXHAUST": "減気",
    "LOC_STATUS_EFFECT_STUN": "気絶",
    "LOC_STATUS_EFFECT_TRANQUILIZE": "麻酔",
    "LOC_STATUS_EFFECT_FLASH": "めまい",
    "LOC_STATUS_EFFECT_DUNG": "こやし",
    "LOC_STATUS_EFFECT_SELF_IMPROVEMENT": "自分強化",
    "LOC_STATUS_EFFECT_ATTACK_UP_S": "攻撃力UP [小]",
    "LOC_STATUS_EFFECT_ATTACK_UP_L": "攻撃力UP [大]",
    "LOC_STATUS_EFFECT_HEALTH_BOOST_S": "体力UP [小]",
    "LOC_STATUS_EFFECT_HEALTH_BOOST_L": "体力UP [大]",
    "LOC_STATUS_EFFECT_STAMINA_USE_REDUCED_S": "スタミナ消費軽減 [短]",
    "LOC_STATUS_EFFECT_STAMINA_USE_REDUCED_L": "スタミナ消費軽減 [長]",
    "LOC_STATUS_EFFECT_WIND_PRESSURE_NEGATED": "風圧無効",
    "LOC_STATUS_EFFECT_ALL_WIND_PRESSURE_NEGATED": "風圧完全無効",
    "LOC_STATUS_EFFECT_DEFENSE_UP_S": "防御力UP [小]",
    "LOC_STATUS_EFFECT_DEFENSE_UP_L": "防御力UP [大]",
    "LOC_STATUS_EFFECT_TOOL_USE_DRAIN_REDUCED_S": "特殊装具消費軽減 [短]",
    "LOC_STATUS_EFFECT_TOOL_USE_DRAIN_REDUCED_L": "特殊装具消費軽減 [長]",
    "LOC_STATUS_EFFECT_HEALTH_RECOVERY_S": "体力回復速度UP [小]",
    "LOC_STATUS_EFFECT_HEALTH_RECOVERY_L": "体力回復速度UP [大]",
    "LOC_STATUS_EFFECT_EARPLUGS_S": "聴覚保護 [小]",
    "LOC_STATUS_EFFECT_EARPLUGS_L": "聴覚保護 [大]",
    "LOC_STATUS_EFFECT_DIVINE_PROTECTION": "精霊王の加護",
    "LOC_STATUS_EFFECT_SCOUTFLY_POWER_UP": "導蟲追跡力強化",
    "LOC_STATUS_EFFECT_ENVIRONMENTAL_DAMAGE_NEGATED": "地形ダメージ無効",
    "LOC_STATUS_EFFECT_STUN_NEGATED": "気絶無効",
    "LOC_STATUS_EFFECT_PARALYSIS_NEGATED": "麻痺無効",
    "LOC_STATUS_EFFECT_TREMORS_NEGATED": "耐震",
    "LOC_STATUS_EFFECT_MUCK_RESISTANCE": "耐泥",
    "LOC_STATUS_EFFECT_FIRE_RESISTANCE_BOOST_S": "火属性防御強化 [小]",
    "LOC_STATUS_EFFECT_FIRE_RESISTANCE_BOOST_L": "火属性防御強化 [大]",
    "LOC_STATUS_EFFECT_WATER_RESISTANCE_BOOST_S": "水属性防御強化 [小]",
    "LOC_STATUS_EFFECT_WATER_RESISTANCE_BOOST_L": "水属性防御強化 [大]",
    "LOC_STATUS_EFFECT_THUNDER_RESISTANCE_BOOST_S": "雷属性防御強化 [小]",
    "LOC_STATUS_EFFECT_THUNDER_RESISTANCE_BOOST_L": "雷属性防御強化 [大]",
    "LOC_STATUS_EFFECT_ICE_RESISTANCE_BOOST_S": "氷属性防御強化 [小]",
    "LOC_STATUS_EFFECT_ICE_RESISTANCE_BOOST_L": "氷属性防御強化 [大]",
    "LOC_STATUS_EFFECT_DRAGON_RESISTANCE_BOOST_S": "龍属性防御強化 [小]",
    "LOC_STATUS_EFFECT_DRAGON_RESISTANCE_BOOST_L": "龍属性防御強化 [大]",
    "LOC_STATUS_EFFECT_ELEMENTAL_ATTACK_BOOST": "属性攻撃力強化",
    "LOC_STATUS_EFFECT_BLIGHT_NEGATED": "全属性やられ無効",
    "LOC_STATUS_EFFECT_KNOCKBACKS_NEGATED": "のけぞり無効",
    "LOC_STATUS_EFFECT_ELEMENTAL_RESISTANCE_UP": "全属性耐性値UP",
    "LOC_STATUS_EFFECT_AFFINITY_UP": "会心率UP",
    "LOC_STATUS_EFFECT_ALL_AILMENTS_NEGATED": "全状態異常無効",
    "LOC_STATUS_EFFECT_WIND_PRESSURE_NEGATED_AND_EARPLUGS_S": "聴覚保護[小]＆風圧無効",
    "LOC_STATUS_EFFECT_ABNORMAL_STATUS_ATTACK_INCREASED": "状態異常攻撃強化",
    "LOC_STATUS_EFFECT_HEALTH_RECOVERY": "自然回復力UP",
    "LOC_STATUS_EFFECT_HEALTH_BOOST": "体力増加 [小]",
    "LOC_STATUS_EFFECT_STAMINA_USE_REDUCED": "スタミナ消費軽減 [小]",
    "LOC_STATUS_EFFECT_FIREBLIGHT": "火属性やられ",
    "LOC_STATUS_EFFECT_THUNDERBLIGHT": "雷属性やられ",
    "LOC_STATUS_EFFECT_ICEBLIGHT": "氷属性やられ",
    "LOC_STATUS_EFFECT_WATERBLIGHT": "水属性やられ",
    "LOC_STATUS_EFFECT_DRAGONBLIGHT": "龍属性やられ",
    "LOC_STATUS_EFFECT_BLEEDING": "裂傷状態",
    "LOC_STATUS_EFFECT_BLEEDING_RECOVERY": "裂傷回復：自然回復力UP",
    "LOC_STATUS_EFFECT_EFFLUVIA": "瘴気侵蝕状態",
    "LOC_STATUS_EFFECT_DEFENSE_DOWN": "防御力DOWN",
    "LOC_STATUS_EFFECT_ELEMENTAL_RESISTANCE_DOWN": "全耐性DOWN",
    "LOC_STATUS_EFFECT_NO_ITEMS": "アイテム使用不可",
    "LOC_STATUS_EFFECT_BLASTBLIGHT": "爆破やられ",
    "LOC_STATUS_EFFECT_DASH_JUICE": "強走薬",
    "LOC_STATUS_EFFECT_WIGGLY_LITCHI": "スタミナライチュウ",
    "LOC_STATUS_EFFECT_IMMUNIZER": "自然回復力UP",
    "LOC_STATUS_EFFECT_MIGHT_PILL": "怪力の丸薬",
    "LOC_STATUS_EFFECT_MIGHT_SEED": "怪力の種",
    "LOC_STATUS_EFFECT_ADAMANT_PILL": "忍耐の丸薬",
    "LOC_STATUS_EFFECT_ADAMANT_SEED": "忍耐の種",
    "LOC_STATUS_EFFECT_DEMON_POWDER": "鬼人の粉塵",
    "LOC_STATUS_EFFECT_HARDSHELL_POWDER": "硬化の粉塵",
    "LOC_STATUS_EFFECT_DEMONDRUG": "鬼人薬",
    "LOC_STATUS_EFFECT_MEGA_DEMONDRUG": "鬼人薬グレート",
    "LOC_STATUS_EFFECT_ARMORSKIN": "硬化薬",
    "LOC_STATUS_EFFECT_MEGA_ARMORSKIN": "硬化薬グレート",
    "LOC_STATUS_EFFECT_COOL_DRINK": "クーラードリンク",
    "LOC_STATUS_EFFECT_PROTECTIVE_POLISH": "剛刃研磨",
    "LOC_STATUS_EFFECT_AFFINITY_SLIDING": "滑走強化：会心率UP",
    "LOC_EQUIPMENT_MANTLE_GHILLIE": "隠れ身の装衣",
    "LOC_EQUIPMENT_MANTLE_TEMPORAL": "転身の装衣",
    "LOC_EQUIPMENT_MANTLE_ROCKSTEADY": "不動の装衣",
    "LOC_EQUIPMENT_MANTLE_CHALLENGER": "挑発の装衣",
    "LOC_EQUIPMENT_MANTLE_VITALITY": "体力の装衣",
    "LOC_EQUIPMENT_MANTLE_FIREPROOF": "耐熱の装衣",
    "LOC_EQUIPMENT_MANTLE_WATERPROOF": "耐水の装衣",
    "LOC_EQUIPMENT_MANTLE_ICEPROOF": "耐寒の装衣",
    "LOC_EQUIPMENT_MANTLE_THUNDERPROOF": "耐雷の装衣",
    "LOC_EQUIPMENT_MANTLE_DRAGONPROOF": "耐龍の装衣",
    "LOC_EQUIPMENT_MANTLE_GLIDER": "滑空の装衣",
    "LOC_EQUIPMENT_MANTLE_EVASION": "回避の装衣",
    "LOC_EQUIPMENT_MANTLE_IMPACT": "強打の装衣",
    "LOC_EQUIPMENT_MANTLE_APOTHECARY": "化合の装衣",
    "LOC_EQUIPMENT_MANTLE_IMMUNITY": "免疫の装衣",
    "LOC_EQUIPMENT_MANTLE_BANDIT": "追い剥ぎの装衣",
    "LOC_EQUIPMENT_AFFINITY_BOOSTER": "達人の煙筒",
    "LOC_WEAPON_INSECT_GLAIVE_ATTACK": "攻撃強化",
    "LOC_WEAPON_INSECT_GLAIVE_SPEED": "移動強化",
    "LOC_WEAPON_INSECT_GLAIVE_DEFENSE": "防御強化",
    "LOC_WEAPON_LONGSWORD_SPIRIT_GAUGE_REGEN": "錬気ゲージ回復",
    "LOC_WEAPON_LONGSWORD_STEADY_SPIRIT_LEVEL": "錬気オーラ維持",
    "LOC_WEAPON_CHARGE_BLADE_SHIELD_CHARGE": "盾 属性強化",
    "LOC_WEAPON_CHARGE_BLADE_BLADE_CHARGE": "剣 属性強化",
    "LOC_WEAPON_SWITCH_AXE_AMPED_STATE": "高出力状態",
    "LOC_WEAPON_HAMMER_POWER_CHARGE": "力溜め",
    "LOC_PART_SHELL": "外殻",
    "LOC_PART_EXHAUST_ORGAN_CENTRAL": "排熱器官：火口",
    "LOC_PART_EXHAUST_ORGAN_HEAD": "排熱器官：頭部",
    "LOC_PART_EXHAUST_ORGAN_CRATER": "排熱器官：中央",
    "LOC_PART_EXHAUST_ORGAN_REAR": "排熱器官：後部",
    "LOC_PART_WEAK_SHELL_LEFT": "未発達の外殻：左",
    "LOC_PART_WEAK_SHELL_RIGHT": "未発達の外殻：右",
    "LOC_STATUS_EFFECT_SHOCK_TRAP": "シビレ罠",
    "LOC_STATUS_EFFECT_PITFALL_TRAP": "落とし穴",
    "LOC_STATUS_EFFECT_ELDERSEAL": "龍封力",
    "LOC_EQUIPMENT_ASSASSINS_HOOD": "アサシンの装衣",
    "LOC_MONSTER_LESHEN": "レーシェン",
    "LOC_REMOVABLE_PART_ANTLER_LEFT": "左角：破壊可能",
    "LOC_REMOVABLE_PART_ANTLER_RIGHT": "右角：破壊可能",
    "LOC_STATUS_EFFECT_RAGE": "怒り",
    "LOC_STATUS_EFFECT_STAMINA": "スタミナ",
    "LOC_STATUS_EFFECT_FATIGUE": "疲労",
    "LOC_MONSTER_ANCIENT_LESHEN": "エンシェント・レーシェン"
  }
}