{
  "ProcessName": "MonsterHunterWorld",
  "ThreadsPerScan": 1,
  "CurrentPlayerNamePattern": {
    "Name": "CurrentPlayerNamePattern",
    "PatternString": "48 8B 0D ?? ?? ?? ?? 48 8D 55 ?? 45 33 C9 44 8B C0 E8",
    "LastResultAddress": "1402B41C9"
  },
  "CurrentWeaponPattern": {
    "Name": "CurrentWeaponPattern",
    "PatternString": "48 8B 0D ?? ?? ?? ?? 4C 8D 45 ?? 48 8D 97 ?? ?? ?? ?? E8 ?? ?? ?? ?? 48 8B D8 48 85 C0 ",
    "LastResultAddress": "14119BCD6"
  },
  "PlayerDamagePattern": {
    "Name": "PlayerDamagePattern",
    "PatternString": "48 8B 0D ?? ?? ?? ?? E8 ?? ?? ?? ?? 48 8B D8 48 85 C0 75 04 33 C9",
    "LastResultAddress": "141A4BE17"
  },
  "PlayerNamePattern": {
    "Name": "PlayerNamePattern",
    "PatternString": "48 8B 0D ?? ?? ?? ?? 48 8D 54 24 38 C6 44 24 20 00 E8 ?? ?? ?? ?? 48 8B 5C 24 70 48 8B 7C 24 60 48 83 C4 68 C3",
    "LastResultAddress": "140623AA7"
  },
  "MonsterPattern": {
    "Name": "MonsterPattern",
    "PatternString": "48 8B 0D ?? ?? ?? ?? B2 01 E8 ?? ?? ?? ?? C6 83 ?? ?? ?? ?? ?? 48 8B 0D",
    "LastResultAddress": "14024A9A9"
  },
  "PlayerBuffPattern": {
    "Name": "PlayerBuffPattern",
    "PatternString": "48 8B 05 ?? ?? ?? ?? 41 8B 94 00 ?? ?? ?? ?? 89 57 ??",
    "LastResultAddress": "142228F81"
  },
  "SelectedMonsterPattern": {
    "Name": "SelectedMonsterPattern",
    "PatternString": "48 8B 0D ?? ?? ?? ?? E8 ?? ?? ?? ?? 48 8B 0D ?? ?? ?? ?? E8 ?? ?? ?? ?? 48 8B 05 ?? ?? ?? ?? 83 A0 ?? ?? ?? ?? ?? C6 43 ?? ??",
    "LastResultAddress": "141A84E32"
  },
  "LobbyStatusPattern": {
    "Name": "LobbyStatusPattern",
    "PatternString": "48 8B 0D ?? ?? ?? ?? E8 ?? ?? ?? ?? 48 8B 4E ?? F3 0F 10 86 ?? ?? ?? ?? F3 0F 58 86 ?? ?? ?? ?? F3 0F 11 86 ?? ?? ?? ?? E8 ?? ?? ?? ?? 48 8B 4E ??",
    "LastResultAddress": "1402C9AE4"
  },
  "DamageOnScreenPattern": {
    "Name": "DamageOnScreenPattern",
    "PatternString": "48 8B 0D ?? ?? ?? ?? 45 33 C0 48 8B D0 E8 ?? ?? ?? ?? 48 8B F0 48 39 83 ?? ?? ?? ??",
    "LastResultAddress": "14049DAAB"
  }
}